{"episode_id": 1, "content_type": "video/mp4", "encoder_version": {"backend": "ffmpeg", "version": "b'ffmpeg version 4.3.1 Copyright (c) 2000-2020 the FFmpeg developers\\r\\nbuilt with gcc 10.2.1 (GCC) 20200726\\r\\nconfiguration: --disable-static --enable-shared --enable-gpl --enable-version3 --enable-sdl2 --enable-fontconfig --enable-gnutls --enable-iconv --enable-libass --enable-libdav1d --enable-libbluray --enable-libfreetype --enable-libmp3lame --enable-libopencore-amrnb --enable-libopencore-amrwb --enable-libopenjpeg --enable-libopus --enable-libshine --enable-libsnappy --enable-libsoxr --enable-libsrt --enable-libtheora --enable-libtwolame --enable-libvpx --enable-libwavpack --enable-libwebp --enable-libx264 --enable-libx265 --enable-libxml2 --enable-libzimg --enable-lzma --enable-zlib --enable-gmp --enable-libvidstab --enable-libvmaf --enable-libvorbis --enable-libvo-amrwbenc --enable-libmysofa --enable-libspeex --enable-libxvid --enable-libaom --enable-libgsm --enable-librav1e --disable-w32threads --enable-libmfx --enable-ffnvcodec --enable-cuda-llvm --enable-cuvid --enable-d3d11va --enable-nvenc --enable-nvdec --enable-dxva2 --enable-avisynth --enable-libopenmpt --enable-amf\\r\\nlibavutil      56. 51.100 / 56. 51.100\\r\\nlibavcodec     58. 91.100 / 58. 91.100\\r\\nlibavformat    58. 45.100 / 58. 45.100\\r\\nlibavdevice    58. 10.100 / 58. 10.100\\r\\nlibavfilter     7. 85.100 /  7. 85.100\\r\\nlibswscale      5.  7.100 /  5.  7.100\\r\\nlibswresample   3.  7.100 /  3.  7.100\\r\\nlibpostproc    55.  7.100 / 55.  7.100\\r\\n'", "cmdline": ["ffmpeg", "-nostats", "-loglevel", "error", "-y", "-f", "rawvideo", "-s:v", "160x210", "-pix_fmt", "rgb24", "-framerate", "30", "-i", "-", "-vf", "scale=trunc(iw/2)*2:trunc(ih/2)*2", "-vcodec", "libx264", "-pix_fmt", "yuv420p", "-r", "30", "C:\\Users\\saki\\Desktop\\Atari-Alien Game\\videos\\dqn_alien_video\\openaigym.video.0.19180.video000001.mp4"]}}